LigandID,pIC50,canonical_smiles,ATSC4c,ATSC7i,GATS4d,SdCH2,SdssC,BIC4,SMR_VSA4,n7Ring,n7HRing,nG12FARing
CHEMBL4062587,4.52,CCc1noc(-c2ccc(C(=O)c3ccccc3)s2)n1,-0.003856854,-25.44868033,1.15327381,0,0.011185463,0.888098639,0,0,0,0
CHEMBL3806129,4.51,COc1ccc(N/C=C\C(=O)c2cn(-c3ccccc3)nc2-c2ccc(Cl)cc2)cc1,0.037253609,-2.043549558,0.969340165,0,-0.159127037,0.919734623,0,0,0,0
CHEMBL4171136,4.19,O=[N+]([O-])c1ccc(-n2nnnc2Nn2cnnc2)cc1,-0.123932299,0.224395694,0.969982847,0,0,0.912742119,0,0,0,0
CHEMBL4528961,5.05,CC(=O)c1c(O)ccc2oc(-c3ccccc3C)nc12,0.288592268,-13.55776998,1.153225806,0,-0.238209614,0.876518072,0,0,0,0
CHEMBL1079485,5.37,COc1c(Cl)c(C)c2c(c1Cl)OC(=O)c1c(cc(O)c(Cl)c1C)O2,0.512191174,3.216257448,1.189189189,0,-0.714050454,0.864874141,0,1,1,1
CHEMBL4777509,3.97,COc1ccc(Nc2nnnn2-c2cccc(Br)c2)cc1,-0.043102136,21.80829957,0.966442953,0,0,0.903071789,0,0,0,0
CHEMBL4174601,5,Cc1cc(S(=O)(=O)/N=C(\N)n2nccc2-c2ccccc2)c(SCc2cccc(Cl)c2)cc1Cl,0.283283603,-30.49086894,1.189099796,0,-0.261808042,0.903406727,10.13137847,0,0,0
CHEMBL3633644,5,COc1ccc(CNC(=O)CC2c3cccc(O)c3C(=O)c3c(O)cccc32)c(OC)c1,0.828555449,-12.46891918,1.213754516,0,-0.697561868,0.822888828,0,0,0,1
CHEMBL4751750,3.87,COc1ccc(-n2nnnc2Nc2ccccc2Cl)cc1,-0.166904735,21.48178973,0.939597315,0,0,0.903071789,0,0,0,0
CHEMBL1079645,5,COc1c(Cl)c(C)c2c(c1Cl)OC(=O)c1c(C)c(Cl)c(O)c(Cl)c1O2,0.372941016,1.570163678,1.168819188,0,-0.790994898,0.864874141,0,1,1,1
CHEMBL3805548,4.3,COc1ccc(N/C=C\C(=O)c2cn(-c3ccccc3)nc2-c2cc(OC)c(OC)c(OC)c2)cc1,0.143130518,17.04189641,1.189448441,0,-0.220421732,0.839881673,0,0,0,0
CHEMBL4061581,4.12,CN(/N=N/c1ccc(Br)cc1)C(=O)CCCCc1ccc(O)cc1,-0.053075815,-11.97083847,0.839822448,0,-0.054103888,0.902517389,10.33750304,0,0,0
CHEMBL4070492,7.8,COc1cc2c(c(OC)c1OC)-c1cc3cc(CO)oc3cc1C(O)CC2,0.063706235,-17.5637229,1.447991086,0,0,0.834663892,0,1,0,1
CHEMBL4793209,4,COc1ccc(Nc2nnnn2-c2ccccc2Cl)cc1,-0.145695786,22.82131145,1.006711409,0,0,0.903071789,0,0,0,0
CHEMBL4074782,4.19,Cc1ccccc1-c1nnc(Cc2nc3ccccc3[nH]2)o1,0.475782514,-16.69016129,1.146353646,0,0,0.892090007,0,0,0,0
CHEMBL4761555,8.52,COC(=O)c1ccc2c(c1)[C@@H](NC(=O)COC(=O)C=C(C)C)CCc1cc(OC)c(OC)c(OC)c1-2,-0.003864485,-20.60109735,1.363526906,0,-0.775905162,0.827823483,0,1,0,1
CHEMBL4064707,4.7,NS(=O)(=O)c1cc(-c2nnc(/C=C/c3ccccc3)o2)c(Cl)cc1SCc1ccccc1,0.036402431,1.802734166,0.895615669,0,0,0.904018391,5.138973738,0,0,0
CHEMBL4086557,4.52,O=C(/C=C/c1cc2c(s1)C(=O)c1ccccc1C2=O)c1ccccc1,-0.091252574,-6.322213665,1.187377429,0,-0.395710259,0.872359858,0,0,0,1
CHEMBL4170039,4.74,Cc1cc(-c2ccccc2)n(/C(N)=N/S(=O)(=O)c2cc(C)c(Cl)cc2SCc2ccc(C(F)(F)F)cc2)n1,0.275278272,-34.48241326,1.086854507,0,-0.344217051,0.888676546,10.13137847,0,0,0
CHEMBL4562297,5.97,CC(C)(C)NC(=O)C(c1ccc(F)cc1)N(C(=O)/C=C/C(=O)c1ccc(F)cc1)C1CC1,-0.324216591,-31.56371803,1.041653825,0,-1.337465448,0.845232138,0,0,0,0
CHEMBL4278792,4.43,CC(=O)N[C@H]1[C@H](O[C@H]2CC[C@]3(C)[C@H]4CC=C5[C@@H]6CC(C)(C)CC[C@]6(C(=O)OCc6cn(-c7cccc(C(C)=O)c7)nn6)CC[C@@]5(C)[C@]4(C)CC[C@H]3C2(C)C)O[C@H](CO[C@@H]2OC[C@H](O)[C@H](O)[C@@H]2O)[C@@H](O)[C@@H]1O,-0.865323707,-46.98268797,1.117274913,0,0.809159531,0.899881092,50.24366095,0,0,1
CHEMBL4786968,7.8,COC(=O)c1ccc2c(c1)[C@@H](NC(=O)COC(=O)/C=C/C(F)(F)F)CCc1cc(OC)c(OC)c(OC)c1-2,-0.653284232,-16.69105756,1.340857099,0,-2.651557527,0.850184169,0,1,0,1
CHEMBL4747525,3.9,COc1ccc(-n2nnnc2Nc2cccc(F)c2)cc1,0.071320854,27.48312415,0.966442953,0,0,0.903071789,0,0,0,0
CHEMBL4746379,3.99,COc1ccc(Nc2nnnn2-c2cccc(Cl)c2)cc1,-0.033664706,21.34638045,0.966442953,0,0,0.903071789,0,0,0,0
CHEMBL3633637,5.72,O=C(O)CC1c2cccc(O)c2C(=O)c2c(O)cccc21,0.493787568,-0.53253688,1.292191436,0,-1.503913454,0.795597264,0,0,0,1
CHEMBL3805698,4.67,O=C(/C=C\Nc1ccc(Cl)cc1)c1cn(-c2ccccc2)nc1-c1ccc(F)cc1,0.118490292,-10.17459176,0.984661429,0,-0.224102174,0.929283708,0,0,0,0
CHEMBL2012326,4.57,CC(C)Cc1ccc(C(C)C(=O)NNC(=O)NCC2CCCCC2)cc1,-0.413686185,1.803401139,0.902457682,0,-0.557564109,0.840964564,11.83581209,0,0,0
CHEMBL3613515,4.3,Fc1ccc2[nH]c(-c3cn(-c4ccccc4)nc3-c3ccccc3)nc2c1,0.19488011,-3.094729513,1.003496503,0,0,0.91237892,0,0,0,0
CHEMBL4203226,4.39,COC1OC(=O)C(Cl)=C1Nc1ccc(-c2ccccc2)cc1,-0.018047827,-2.307083376,1.033368679,0,-0.155059205,0.912064504,0,0,0,0
CHEMBL3823537,4.52,CCNC1=CC(=O)C=C(C(C)(C)C)C1=O,0.054975358,-4.57570021,1.125705244,0,0.805833333,0.725112671,5.414990469,0,0,0
CHEMBL4175660,4.96,Cc1cc(-c2ccccc2)n(/C(N)=N/S(=O)(=O)c2cc(C)c(Cl)cc2SCc2ccc(Cl)cc2)n1,0.237040851,-36.3738627,1.18998701,0,-0.251659843,0.895535947,10.13137847,0,0,0
CHEMBL4748307,4.52,Cc1ccc(S(=O)(=O)N2CCN(C(=O)c3cn(Cc4ccc(F)cc4)nn3)CC2)cc1,0.030916564,26.75572282,1.031898247,0,-0.293759272,0.854813578,0,0,0,0
CHEMBL4795830,4.52,O=C(c1cn(Cc2cccc(Oc3ccccc3)c2)nn1)N1CCN(S(=O)(=O)c2ccccc2)CC1,0.017316503,-0.761455246,1.235655168,0,-0.264656747,0.868006227,0,0,0,0
CHEMBL465843,5.52,COc1cc(/C=C/C(=O)N2CCC=CC2=O)cc(OC)c1OC,0.326970985,10.66235193,1.435472195,0,-0.649172448,0.818201161,0,0,0,0
CHEMBL4757392,4.52,Cc1ccc(S(=O)(=O)N2CCN(C(=O)c3cn(Cc4ccccc4)nn3)CC2)cc1,0.049399705,28.60009997,1.076427947,0,-0.234541165,0.854813578,0,0,0,0
CHEMBL4749517,4.52,COc1ccc(S(=O)(=O)N2CCN(C(=O)c3cn(Cc4ccccc4)nn3)CC2)cc1,-0.052258685,-0.096258482,1.114788345,0,-0.249252674,0.857892643,0,0,0,0
CHEMBL4751656,3.85,COc1ccc(-n2nnnc2Nc2cccc(Cl)c2)cc1,0.002108065,18.27842566,0.966442953,0,0,0.903071789,0,0,0,0
CHEMBL4575888,4.7,O=Cc1c(O)ccc2oc(-c3ccccc3[N+](=O)[O-])nc12,0.104660984,-24.07590045,1.021734157,0,0,0.912823493,0,0,0,0
CHEMBL4171952,4.74,Cc1cc(S(=O)(=O)/N=C(\N)n2nccc2-c2ccccc2)c(SCc2ccccc2)cc1Cl,0.281643004,-31.89874875,1.180708134,0,-0.244939355,0.897384197,10.13137847,0,0,0
CHEMBL4082735,4.52,CCc1noc(-c2ccc(C(C)=O)cc2)n1,-0.001457442,-14.81521088,0.934526854,0,0.047524355,0.857096696,0,0,0,0
CHEMBL4749586,7.8,COC(=O)c1ccc2c(c1)[C@@H](NC(=O)CO)CCc1cc(OC)c(OC)c(OC)c1-2,0.037242717,-22.24257931,1.449787886,0,-0.975662092,0.841380245,0,1,0,1
CHEMBL4087921,4.21,c1ccc(OCc2nnc(Cc3nc4ccccc4[nH]3)o2)cc1,0.285912686,15.71885777,1.221101758,0,0,0.908567922,0,0,0,0
CHEMBL4101132,4.52,Nc1cc2c(s1)C(=O)c1ccccc1C2=O,-0.162763071,-8.46546128,1.352790465,0,-0.217546296,0.835147174,0,0,0,1
CHEMBL4127649,4.7,Cc1cc(S(=O)(=O)/N=C(\N)N/N=C/C#Cc2ccccc2)c(SCc2cc3c(cc2Cl)OCO3)cc1Cl,0.313100321,-51.62059562,1.108281447,0,-0.416546703,0.90051105,15.232786,0,0,0
CHEMBL4850739,3.82,CN(/N=N/c1ccc(Br)cc1)C(=O)NCCSc1ccc(O)cc1,-0.189985354,-16.62456955,0.929705215,0,-0.317437222,0.911436789,10.33750304,0,0,0
CHEMBL3220084,3.77,O=c1[nH]cnc2c1nc(C(F)(F)F)n2[C@@H]1O[C@H](CO)[C@@H](O)[C@H]1O,-0.446164135,-8.954581518,1.103127221,0,0,0.918612501,0,0,0,0
CHEMBL2434990,5.69,CCn1c(C(=O)N[C@@H](C)CO)ccc1C(CC)(CC)c1ccc(OCC(O)C(C)(C)C)c(C)c1,-0.459405118,-33.9382468,1.057130841,0,-0.173064246,0.818515957,5.414990469,0,0,0
CHEMBL3823559,4.96,CCCCNC1=CC(=O)C=C(C(C)(C)C)C1=O,0.048201714,-7.46826022,1.04944125,0,0.876481481,0.758301767,5.414990469,0,0,0
CHEMBL4084249,5.42,COc1ccc(-c2nnc(Cc3nc4ccccc4[nH]3)o2)cc1,0.322049447,-19.31337708,1.03008,0,0,0.895306967,0,0,0,0
CHEMBL3823437,4.52,CCCCCCCCNC1=CC(=O)C=C(C(C)(C)C)C1=O,0.040418253,0.307130707,1.033992745,0,0.930076636,0.785953537,5.414990469,0,0,0
CHEMBL4084342,4.12,CN(/N=N/c1ccc(C#N)cc1)C(=O)CCCCc1ccc(O)cc1,-0.037005208,-9.92446162,0.828460039,0,-0.094350802,0.896864618,10.33750304,0,0,0
CHEMBL4129553,4.64,Cc1cc(S(=O)(=O)/N=C(\N)N/N=C/C#Cc2ccccc2)c(SCc2ccccc2C(F)(F)F)cc1Cl,0.377446501,-80.11403309,1.194193088,0,-0.52432295,0.889885253,15.232786,0,0,0
CHEMBL4129694,3.98,C/C(C#Cc1ccccc1)=N\N/C(N)=N/S(=O)(=O)c1cc(C)c(Cl)cc1SCc1cccc(C(F)(F)F)c1,0.259908106,-68.9023965,1.109022556,0,-0.156145618,0.888676546,15.232786,0,0,0
CHEMBL4127782,3.57,C/C(C#Cc1ccccc1)=N\N/C(N)=N/S(=O)(=O)c1cc(C)c(Cl)cc1SCc1ccc(C)cc1,0.251284709,-57.83182106,1.060419974,0,0.050027379,0.888676546,15.232786,0,0,0
CHEMBL4445064,3.64,CC/C=C\C/C=C\C/C=C\C/C=C\C/C=C\C/C=C\CCC(=O)N1CCN(c2cc3c(cc2F)c(=O)c(C(=O)O)cn3C2CC2)CC1,0.457058382,17.83617775,1.045484552,0,-1.218219832,0.773711571,0,0,0,0
CHEMBL4128319,4.8,Cc1cc(S(=O)(=O)/N=C(\N)N/N=C/C#Cc2ccccc2)c(SCc2cccc(C(F)(F)F)c2)cc1Cl,0.338400094,-63.00496197,1.121648648,0,-0.500747635,0.895535947,15.232786,0,0,0
CHEMBL4074020,4.12,CC(=O)c1ccc(/N=N/N(C)C(=O)CCc2ccc(O)cc2)cc1,-0.074829983,-15.30251272,0.760389036,0,-0.173892174,0.892485149,10.33750304,0,0,0
CHEMBL4086731,4.17,Cc1ccc(-c2nnc(Cc3nc4ccccc4[nH]3)o2)cc1,0.396134361,-3.666482446,0.966533467,0,0,0.892090007,0,0,0,0
CHEMBL1255828,4.75,COc1cc(/C=C2\CN(C(=O)CCC(=O)NCCCNCCCN)C/C(=C\c3ccc(O)c(OC)c3)C2=O)ccc1O,-0.576285193,19.39927944,1.048562468,0,0.02275146,0.820097263,5.733667477,0,0,0
CHEMBL3808664,4.76,O=C(CCCCCCN=C=S)Nc1ccc2ncnc(Nc3cccc(Br)c3)c2c1,0.054782603,-1.066975825,0.981374121,0,0.00426943,0.90822591,4.992404733,0,0,0
CHEMBL3823454,4,CCCCNC1=CC(=O)C(C(C)(C)C)=CC1=O,0.003714234,8.350737516,0.93858478,0,0.862701903,0.758301767,5.414990469,0,0,0
CHEMBL4078694,5.28,Cc1cc2c(s1)C(=O)c1ccccc1C2=O,-0.009250999,-12.6558089,1.38,0,-0.057546296,0.820087029,0,0,0,1
CHEMBL4169370,6.37,COc1cc(-c2ocnc2-c2cc(OC)c(OC)c(OC)c2)ccc1SC,-0.00721738,26.78860027,1.395730797,0,0,0.783488667,0,0,0,0
CHEMBL122880,3.89,CN=NNc1ccc(C(C)=O)cc1,-0.045466157,-4.419689695,0.844395343,0,0.058951667,0.86223513,10.33750304,0,0,0
CHEMBL4753031,4.52,Cc1ccc(S(=O)(=O)N2CCN(C(=O)c3cn(Cc4cccc(Oc5ccccc5)c4)nn3)CC2)cc1,-0.000886475,16.54567128,1.124255657,0,-0.264078235,0.868172982,0,0,0,0
CHEMBL1159894,3.9,NCCSc1ccc(O)cc1,-0.105748167,-0.462126618,1.042105263,0,0,0.901557709,5.733667477,0,0,0
CHEMBL4786597,4.52,CC(C)(C)c1ccc(S(=O)(=O)N2CCN(C(=O)c3cn(Cc4ccc(F)cc4)nn3)CC2)cc1,0.018046997,-15.41690955,0.854466458,0,-0.294505369,0.805108156,0,0,0,0
CHEMBL3806086,4.3,O=C(/C=C\Nc1ccc(C(F)(F)F)cc1)c1cn(-c2ccccc2)nc1-c1ccc(F)cc1,0.169030209,-7.45362664,0.901039161,0,-0.378779814,0.918000767,0,0,0,0
CHEMBL17329,5.01,COC(=O)/C=C/c1cc(O)ccc1O,-0.24543459,-3.63387259,0.906900329,0,-0.520608466,0.903017569,0,0,0,0
CHEMBL1081411,5.21,COc1cc2c(c(C)c1Cl)Oc1cc(OC)c(Cl)c(C)c1C(=O)O2,0.474612873,3.789158994,1.211400607,0,-0.574464286,0.826257069,0,1,1,1
CHEMBL3823367,5,CNC1=CC(=O)C=C(C(C)(C)C)C1=O,0.056540657,-7.516600972,1.06407448,0,0.731712963,0.703015626,5.414990469,0,0,0
CHEMBL3805015,4.3,COc1ccc(N/C=C\C(=O)c2cn(-c3ccccc3)nc2-c2ccccc2)cc1,0.046296069,-2.095642423,1.035154664,0,-0.127735313,0.913269883,0,0,0,0
CHEMBL15192,6.05,CC1(C)CCC2=C(O1)c1ccccc1C(=O)C2=O,0.092987294,-18.78736487,0.99287647,0,0.329936224,0.801461323,0,0,0,1
CHEMBL4755548,3.84,COc1ccc(-n2nnnc2Nc2ccc(Cl)cc2)cc1,-0.124971676,17.35147853,0.912751678,0,0,0.903071789,0,0,0,0
CHEMBL3613551,4.67,COc1ccc(-c2nn(-c3ccccc3)cc2-c2nc3cc(C)c(C)cc3[nH]2)cc1,0.170559617,8.936287079,0.918777427,0,0,0.872405271,0,0,0,0
CHEMBL3633641,7.66,CCCCCCCCCCCCNC(=O)CC1c2cccc(O)c2C(=O)c2c(O)cccc21,0.458889258,-0.558460119,1.109572649,0,-0.49344394,0.766663426,0,0,0,1
CHEMBL3613516,4.3,Clc1ccc2[nH]c(-c3cn(-c4ccccc4)nc3-c3ccccc3)nc2c1,0.192558616,7.449470893,1.003496503,0,0,0.91237892,0,0,0,0
CHEMBL4078713,4.52,O=C1c2ccccc2C(=O)c2sc(/C=N/Nc3ccccc3)cc21,0.029093095,-12.45118878,1.188888889,0,-0.200937856,0.886496425,5.101407526,0,0,1
CHEMBL1824861,4.26,CC(=O)OC[C@@]1(O)CC[C@]23C[C@H]1C[C@@H]2CC[C@H]1[C@]2(C)CO[C@H](c4ccc(O)cc4)O[C@@H]2CC[C@@]13C,-0.469471347,-20.40731168,1.084672056,0,-0.309903108,0.902952113,33.99868955,0,0,1
CHEMBL4164338,4.21,N/C(=N\S(=O)(=O)c1ccccc1SCc1cccc2ccccc12)NNc1nc(Cl)nc(Nc2ccc(S(N)(=O)=O)cc2)n1,0.22332484,-17.09324974,1.068488904,0,-0.48288611,0.908294219,15.27035221,0,0,0
CHEMBL3824238,4,CCCCNC1=CC(=O)C(C[C@]2(C)[C@@H](C)CC[C@]3(C)C(C)=CCC[C@@H]23)=CC1=O,-0.118559904,-11.33918252,1.217464638,0,2.661115795,0.876907481,22.66579303,0,0,0
CHEMBL575171,3.9,CCCCCCCCCCCCCCCC(=O)N1CCN(c2cc3c(cc2F)c(=O)c(C(=O)O)cn3C2CC2)CC1,0.446317593,14.02459399,0.956624552,0,-1.119578894,0.750619815,0,0,0,0
CHEMBL3805024,4.3,COc1ccc(-c2nn(-c3ccccc3)cc2C(=O)/C=C\Nc2cc(OC)c(OC)c(OC)c2)cc1,0.732799413,10.37851907,1.263788969,0,-0.205610329,0.839881673,0,0,0,0
CHEMBL4074726,4,c1ccc(-c2nnc(Cc3nc4ccccc4[nH]3)o2)nc1,0.393300619,0.320633695,1.24238921,0,0,0.904398176,0,0,0,0
CHEMBL4169946,5,COc1ccc(-c2ocnc2-c2cc(Br)c(OC)c(OC)c2)cc1OC,-0.264609681,19.2378405,1.320254898,0,0,0.759988609,0,0,0,0
CHEMBL1824863,4,COc1cc(=O)oc2c1[C@H](O[C@@H]1O[C@@H](C)[C@@H](C)c3oc(=O)cc(OC)c31)O[C@@H](C)[C@H]2C,1.993326956,-15.25288241,1.171232877,0,0,0.719661775,0,0,0,0
CHEMBL4569363,5,CCCCCCCCCCCCCC[C@@H](OP(=O)(O)O)[C@@H](O)CC[C@@H](O)[C@@H](O)CC[C@@H](O)CCCCCCC(=O)NCC(=O)O,-0.965066669,0.099566203,1.048111958,0,-1.392474054,0.770495781,0,0,0,0
CHEMBL3613550,4.3,COc1ccc(-c2nn(-c3ccccc3)cc2-c2nc3cc(C)ccc3[nH]2)cc1,0.154255183,6.707824832,0.929073034,0,0,0.900083318,0,0,0,0
CHEMBL4529587,4.22,CCOC(=O)c1ccc(/N=N/NC)cc1,0.018894858,-10.3724699,1.388429752,0,-0.324439537,0.871520231,10.33750304,0,0,0
CHEMBL4475592,3.88,CCCCCCCC/C=C\CCCCCCCC(=O)N1CCN(c2cc3c(cc2F)c(=O)c(C(=O)O)cn3C2CC2)CC1,0.446859372,14.44540219,0.97110837,0,-1.131132398,0.825443069,0,0,0,0
CHEMBL2012332,4.7,CC(C(=O)NNC(=O)NCC1CCCCC1)c1cccc(Oc2ccccc2)c1,-0.421814185,8.848965449,0.975659991,0,-0.660219809,0.875196195,5.917906046,0,0,0
CHEMBL4447873,3.81,CCCCCCCC/C=C\CCCCCCCCCCCC(=O)N1CCN(c2cc3c(cc2F)c(=O)c(C(=O)O)cn3C2CC2)CC1,0.446792407,14.35139144,0.960193211,0,-1.121832832,0.783124242,0,0,0,0
CHEMBL4790859,3.99,COc1ccc(Nc2nnnn2-c2ccc(Br)cc2)cc1,-0.105832697,11.01339885,0.912751678,0,0,0.903071789,0,0,0,0
CHEMBL4087524,5.24,CCCC(=O)Nc1cc2c(s1)C(=O)c1ccccc1C2=O,-0.056413129,-20.61047148,1.144939315,0,-0.414685112,0.852377296,0,0,0,1
CHEMBL4744305,8.52,C/C=C/C(=O)OCC(=O)N[C@H]1CCc2cc(OC)c(OC)c(OC)c2-c2ccc(C(=O)OC)cc21,-0.116142968,-14.97743124,1.460638252,0,-1.564362744,0.850184169,0,1,0,1
CHEMBL4102303,4.12,COC(=O)c1ccc(/N=N/N(C)C(=O)CCCCc2ccc(O)cc2)cc1,-0.061413788,-12.06990474,0.893674423,0,-0.53358742,0.896183974,10.33750304,0,0,0
CHEMBL4079125,4.63,Clc1ccc(-c2nnc(Cc3nc4ccccc4[nH]3)o2)c(Cl)c1,0.493152869,-11.37357048,1.046918299,0,0,0.907487504,0,0,0,0
CHEMBL4076967,4.12,CN(/N=N/c1ccc(C#N)cc1)C(=O)CCc1ccc(O)cc1,-0.07792116,-16.01019808,0.749298198,0,-0.156972212,0.896712771,10.33750304,0,0,0
CHEMBL3613547,4.3,COc1ccc(-c2nn(-c3ccccc3)cc2-c2nc3cc(Br)ccc3[nH]2)cc1,0.13098364,5.158099984,0.916879489,0,0,0.910315104,0,0,0,0
CHEMBL3613531,4.3,Cc1cc2nc(-c3cn(-c4ccccc4)nc3-c3ccc(F)cc3)[nH]c2cc1C,0.213902414,12.21360457,0.92657481,0,0,0.876973698,0,0,0,0
CHEMBL4102942,4.12,Clc1ccc(-c2nnc(Cc3nc4ccc(Cl)cc4[nH]3)o2)c(Cl)c1,0.525560066,-11.69386026,1.021322537,0,0,0.907487504,0,0,0,0
CHEMBL93347,6.36,CC(=O)c1cc2c(s1)C(=O)c1ccccc1C2=O,-0.058962645,-2.017933808,1.143680743,0,-0.471568405,0.829178411,0,0,0,1
CHEMBL3809481,4.74,O=C(CCCCN=C=S)Nc1ccc2ncnc(Nc3cccc(Br)c3)c2c1,0.061396352,-10.06361785,1.030619866,0,-0.037934001,0.909395465,4.992404733,0,0,0
CHEMBL4204485,4,CC(=O)OC1OC(=O)C(Br)=C1Nc1ccc(-c2ccc(N)cc2)cc1,0.072273357,-0.832537539,0.871527663,0,-0.590704807,0.881995902,0,0,0,0
CHEMBL3613545,4.3,COc1ccc(-c2nn(-c3ccccc3)cc2-c2nc3cc(F)ccc3[nH]2)cc1,0.133728782,-7.37679174,0.916879489,0,0,0.910315104,0,0,0,0
CHEMBL3806140,4.55,O=C(/C=C\Nc1ccc(Cl)cc1)c1cn(-c2ccccc2)nc1-c1ccccc1,0.135580449,-10.05235001,1.052788982,0,-0.131946562,0.922164552,0,0,0,0
CHEMBL3613540,4.3,Cc1ccc2[nH]c(-c3cn(-c4ccccc4)nc3-c3ccc(Cl)cc3)nc2c1,0.205992775,11.57010247,0.943627451,0,0,0.908182006,0,0,0,0
CHEMBL3398104,4,COCCOCCOCCn1cnc2c(=O)[nH]c(N)nc21,0.44122063,-6.663513291,1.094323333,0,0,0.840392387,0,0,0,0
CHEMBL4126254,4.74,C/C(C#Cc1ccccc1)=N\N/C(N)=N/S(=O)(=O)c1cc(C)c(Cl)cc1SCc1ccccc1C(F)(F)F,0.298954513,-86.03758555,1.176709379,0,-0.191533203,0.883357499,15.232786,0,0,0
CHEMBL3220082,3.67,Nc1ncnc2c1nc(C(F)(F)F)n2[C@H]1C[C@H](O)[C@@H](CO)O1,-0.017045188,-13.04264066,1.12354577,0,0,0.896506404,0,0,0,0
CHEMBL4070840,6.15,COC(=O)c1cc2c(s1)C(=O)c1ccccc1C2=O,-0.117785905,-19.19007392,1.181367106,0,-0.980544218,0.836279362,0,0,0,1
CHEMBL4483388,5,CCCCCCCCCCCCCC[C@@H](OP(=O)(O)O)[C@@H](O)CCCO,-0.279038995,-5.339696613,1.212455934,0,0,0.710981948,0,0,0,0
CHEMBL52765,4.84,Nc1ccc2ncnc(Nc3cccc(Br)c3)c2c1,0.00645818,-1.972779202,1.060232154,0,0,0.909486908,0,0,0,0
CHEMBL4289758,4.41,CC(=O)N[C@H]1[C@H](O[C@H]2CC[C@]3(C)[C@H]4CC=C5[C@@H]6CC(C)(C)CC[C@]6(C(=O)OCc6cn(-c7cccc(Br)c7)nn6)CC[C@@]5(C)[C@]4(C)CC[C@H]3C2(C)C)O[C@H](CO[C@@H]2OC[C@H](O)[C@H](O)[C@@H]2O)[C@@H](O)[C@@H]1O,-0.777168688,-50.05835249,1.120914483,0,0.912998776,0.901430463,50.24366095,0,0,1
CHEMBL4778473,4.52,O=C(c1cn(Cc2ccccc2)nn1)N1CCN(S(=O)(=O)c2ccccc2)CC1,0.067602683,12.21191632,1.198832588,0,-0.235119678,0.853976032,0,0,0,0
CHEMBL4125988,3.81,C/C(C#Cc1ccccc1)=N\N/C(N)=N/S(=O)(=O)c1cc(C)c(Cl)cc1SCc1cccc(Cl)c1,0.260577656,-59.20070921,1.16607977,0,0.022000219,0.895535947,15.232786,0,0,0
CHEMBL4174731,4.1,FC(F)(F)c1ccc(-n2nnnc2Nc2nccs2)cc1,0.124813508,6.388480941,0.86998088,0,0,0.890215765,0,0,0,0
CHEMBL4096981,5.17,CCc1noc(-c2cc3c(OC)c4ccccc4c(OC)c3s2)n1,-0.129740249,-22.76336592,1.411064426,0,0,0.81363989,0,0,0,0
CHEMBL2012329,4.89,CC(C)Cc1ccc(C(C)C(=O)NNC(=O)NC(c2ccccc2)c2ccccc2)cc1,-0.448002272,-6.092821705,1.053557882,0,-0.746972913,0.839145491,5.917906046,0,0,0
CHEMBL4755279,3.86,COc1ccc(-n2nnnc2Nc2cccc(Br)c2)cc1,-0.017202261,15.54984175,0.966442953,0,0,0.903071789,0,0,0,0
CHEMBL449329,3.6,Nc1ncnc2c1ncn2[C@H]1C[C@H](O)[C@@H](CO)O1,0.342331215,-6.653674805,0.977653026,0,0,0.913847882,0,0,0,0
CHEMBL4577957,6.08,COc1ccc(C(C(=O)NC(C)(C)C)N(C(=O)/C=C/C(=O)c2ccc(C)cc2)C(C)C)cc1,-0.331938491,-43.17503206,1.072745245,0,-0.990265261,0.821909697,0,0,0,0
CHEMBL4159114,4.7,COc1cc(/C(=C\c2ccccc2SC)C(=O)O)cc(OC)c1OC,0.232955135,-12.06191011,1.390496497,0,-0.897285053,0.825768345,0,0,0,0
CHEMBL4067826,5.96,O=C1c2ccccc2C(=O)c2c([N+](=O)[O-])csc21,-0.247938566,-4.099595535,1.231240188,0,-0.771805556,0.845035556,0,0,0,1
CHEMBL4165414,4.21,Fc1ccc(-n2nnnc2Nn2cnnc2)cc1Cl,-0.088616772,12.15757274,1.021194605,0,0,0.912803953,0,0,0,0
CHEMBL4780045,5.53,O=C(c1cn(Cc2cccc(Oc3ccccc3)c2)nn1)N1CCN(S(=O)(=O)c2ccc(Cl)cc2)CC1,-0.007710309,1.29842772,1.170024685,0,-0.281525434,0.873207373,0,0,0,0
CHEMBL4169763,4.7,COc1cc(/C(=C\c2cccc(OC)c2SC)C(=O)O)cc(OC)c1OC,0.321869318,2.167062857,1.497036024,0,-0.975044407,0.792034206,0,0,0,0
CHEMBL4129179,4.3,Cc1ccc(CSc2cc(Cl)c(C)cc2S(=O)(=O)/N=C(\N)N/N=C/C#Cc2ccccc2)cc1,0.329776697,-52.35450648,1.068443368,0,-0.375140044,0.895535947,15.232786,0,0,0
CHEMBL4090093,5.72,CCCCc1nnc(-c2cc3c(s2)C(=O)c2ccccc2C3=O)o1,-0.073831412,-13.29195062,1.029893887,0,-0.254080073,0.851724293,0,0,0,1
CHEMBL3613552,4.3,COc1ccc(-c2nn(-c3ccccc3)cc2-c2nc3cc(Cl)c(Cl)cc3[nH]2)cc1,0.165476532,3.982985479,0.896580547,0,0,0.910315104,0,0,0,0
CHEMBL4087663,6.66,O=C1c2ccccc2C(=O)c2sc(-c3nnco3)cc21,-0.06934883,-14.38059624,1.231971154,0,-0.274832766,0.851702024,0,0,0,1
CHEMBL3613544,4.3,COc1ccc(-c2nn(-c3ccccc3)cc2-c2nc3ccccc3[nH]2)cc1,0.130172581,1.153684703,0.967045455,0,0,0.903012984,0,0,0,0
CHEMBL4060676,4.8,NS(=O)(=O)c1cc(-c2nnc(/C=C/c3cccc(Cl)c3)o2)c(Cl)cc1SCc1ccccc1,0.061770155,-0.137648238,0.903773914,0,0,0.910612425,5.138973738,0,0,0
CHEMBL4437948,4.75,O=Cc1c(O)ccc2oc(-c3cccc(Cl)c3)nc12,0.038780059,-16.80863274,0.995744681,0,0,0.912742119,0,0,0,0
CHEMBL3822489,4,CC1=CCC[C@H]2[C@](C)(CC3=CC(=O)C(NCCc4ccccc4)=CC3=O)[C@@H](C)CC[C@]12C,-0.086761705,8.645416184,1.20286782,0,2.55714557,0.890547974,22.66579303,0,0,0
CHEMBL4217203,4,COC1OC(=O)C(Cl)=C1Nc1ccc(-c2ccc(N)cc2)cc1,-0.063314224,-9.360855917,0.910725853,0,-0.195950393,0.879553368,0,0,0,0
CHEMBL4759416,4.52,CC(C)(C)c1ccc(S(=O)(=O)N2CCN(C(=O)c3cn(Cc4ccccc4)nn3)CC2)cc1,0.036530138,-16.23451394,0.885390355,0,-0.235287262,0.805108156,0,0,0,0
CHEMBL4789567,7.8,COC(=O)c1ccc2c(c1)[C@@H](NC(=O)COC(=O)CC(C)SC[C@@H](NC(C)=O)C(=O)OC)CCc1cc(OC)c(OC)c(OC)c1-2,-0.299552987,-27.4336516,1.351209325,0,-2.636961287,0.868423909,0,1,0,1
CHEMBL3823387,4.12,CCNC1=CC(=O)C(C(C)(C)C)=CC1=O,0.010514105,16.72241502,1.006792718,0,0.795442649,0.725112671,5.414990469,0,0,0
CHEMBL4175361,4.4,Cc1cc(-c2ccccc2)n(/C(N)=N/S(=O)(=O)c2cc(C)c(Cl)cc2SCc2cccc(C(F)(F)F)c2)n1,0.246988062,-43.12034947,1.166380447,0,-0.36260694,0.888676546,10.13137847,0,0,0
CHEMBL4067412,4,CC(=O)c1ccc(/N=N/N(C)C(=O)CCCCc2ccc(O)cc2)cc1,-0.033913999,-9.400967773,0.829922371,0,-0.103795562,0.893708398,10.33750304,0,0,0
CHEMBL3805533,4.79,O=C(/C=C\Nc1ccc(O)cc1)c1cn(-c2ccccc2)nc1-c1ccc(F)cc1,0.04908793,-9.799339558,0.963322546,0,-0.24742179,0.930827083,0,0,0,0
CHEMBL4163989,6.59,COc1cc(-c2ocnc2-c2cc(Br)c(OC)c(OC)c2)ccc1SC,-0.182272665,23.77767847,1.320254898,0,0,0.817213584,0,0,0,0
CHEMBL4095623,4.12,c1ccc(Cc2nnc(Cc3nc4ccccc4[nH]3)o2)cc1,0.47012932,5.009527689,1.17804878,0,0,0.905791917,0,0,0,0
CHEMBL1824864,4,COc1cc(=O)oc2c1[C@H](O[C@@H]1O[C@@H](C)[C@@H](C)c3oc(=O)cc(OC)c31)O[C@@H](C)[C@@H]2C,1.993326956,-15.25288241,1.171232877,0,0,0.719661775,0,0,0,0
CHEMBL4451049,5.81,COc1ccccc1C(C(=O)NC1CCCCC1)N(C(=O)/C=C/C(=O)c1ccc(C)cc1)C1CCCCC1,-0.570767341,8.201537727,1.215830211,0,-0.742509703,0.832830872,0,0,0,0
CHEMBL2437045,5.9,CCn1c(C(=O)N[C@H](CO)CCO)ccc1C(CC)(CC)c1ccc(OCC(O)C(C)(C)C)c(C)c1,-0.365684641,-24.16816278,1.070613458,0,-0.25551795,0.830521806,5.414990469,0,0,0
CHEMBL3613523,4.3,O=C(OCc1ccccc1)c1ccc2[nH]c(-c3cn(-c4ccccc4)nc3-c3ccccc3)nc2c1,-0.047108153,11.65154067,0.979622538,0,-0.382245523,0.91080538,0,0,0,0
CHEMBL4439841,4.92,O=Cc1c(O)ccc2oc(-c3ccccc3Cl)nc12,0.237845131,-16.84626688,0.940425532,0,0,0.912742119,0,0,0,0
CHEMBL3613541,4.3,Cc1cc2nc(-c3cn(-c4ccccc4)nc3-c3ccc(Cl)cc3)[nH]c2cc1C,0.222297207,13.36056989,0.92657481,0,0,0.876973698,0,0,0,0
CHEMBL4072959,3.82,Cc1ccc(/N=N/N(C)C(=O)CCCCc2ccc(O)cc2)cc1,-0.036383734,-8.59045567,0.819146249,0,-0.044844629,0.892323703,10.33750304,0,0,0
CHEMBL3805422,4.52,COc1cc(-c2nn(-c3ccccc3)cc2C(=O)/C=C\Nc2ccc(Cl)cc2)cc(OC)c1OC,0.232414898,11.39091892,1.205186488,0,-0.22463298,0.866792796,0,0,0,0
CHEMBL4749915,4.52,O=C(c1cn(Cc2ccccc2)nn1)N1CCN(S(=O)(=O)c2ccc(Br)cc2)CC1,0.048568488,18.51018619,1.122430666,0,-0.240739512,0.860642698,0,0,0,0
CHEMBL4466323,3.96,C/C=C/C=C/C(=O)N1CCN(c2cc3c(cc2F)c(=O)c(C(=O)O)cn3C2CC2)CC1,0.432694976,21.56067053,1.042615208,0,-1.393003617,0.866875414,0,0,0,0
CHEMBL4067470,3.52,NS(=O)(=O)c1cc(-c2nnc(Cn3cc(-c4ccccc4)nn3)o2)c(Cl)cc1SCc1ccccc1,0.144385481,-17.77942141,0.933557611,0,0,0.901776888,5.138973738,0,0,0
CHEMBL4749409,4.52,Cc1ccc(S(=O)(=O)N2CCN(C(=O)c3cn(Cc4ccc(I)cc4)nn3)CC2)cc1,0.042327787,30.11008476,1.031898247,0,-0.234959272,0.854813578,0,0,0,0
CHEMBL503357,4,O=C(CCl)Nc1cn(COC(CO)CO)c(=O)[nH]c1=O,-0.459889534,-6.816031765,0.881521056,0,-0.604743586,0.868543071,0,0,0,0
CHEMBL1079644,5,COC(=O)c1c(Oc2c(C)c(Cl)c(OC)c(Cl)c2O)cc(OC)c(Cl)c1C,0.660612194,2.727247835,1.345083836,0,-0.671387524,0.839012444,0,0,0,0
CHEMBL4095195,4,Cc1ccccc1Cc1nnc(Cc2nc3ccccc3[nH]2)o1,0.428432404,9.576873378,1.079937304,0,0,0.883155894,0,0,0,0
CHEMBL4797732,9.22,C/C=C/C=C/C(=O)OCC(=O)N[C@H]1CCc2cc(OC)c(OC)c(OC)c2-c2cc3cc(COC(C)=O)oc3cc21,-0.39339559,-13.89100403,1.361811683,0,-1.479540323,0.862806264,0,1,0,1
CHEMBL4797276,4.52,O=C(c1cn(Cc2ccccc2)nn1)N1CCN(S(=O)(=O)c2ccc(Cl)cc2)CC1,0.042575871,14.43931353,1.122430666,0,-0.251988364,0.860642698,0,0,0,0
CHEMBL4782566,6.4,CCCCCCCCCCCCCCCC(=O)OCC(COP(=O)([O-])OCC[N+](C)(C)C)OC(=O)CCCCCCCCCc1n[nH]c(CC(=O)OCC(=O)N[C@H]2CCc3cc(OC)c(OC)c(OC)c3-c3ccc(C(=O)OC)cc32)n1,-0.314970532,15.75311222,1.048055556,0,-2.707457177,0.78070374,0,1,0,1
CHEMBL3613527,4.66,Fc1ccc(-c2nn(-c3ccccc3)cc2-c2nc3cc(Br)ccc3[nH]2)cc1,0.174326433,8.843048538,0.942171717,0,0,0.920507838,0,0,0,0
CHEMBL4100071,7.8,COc1cc2c(c(OC)c1OC)-c1cc3cc(CO)oc3cc1C(=O)CC2,0.05968881,-13.02716036,1.457130861,0,0.032440004,0.822795835,0,1,0,1
CHEMBL4204988,4.35,CCOC1OC(=O)C(Cl)=C1Nc1ccc(-c2ccc(N)cc2)cc1,-0.026145455,-0.185774083,0.95577342,0,-0.156552245,0.881047594,0,0,0,0
CHEMBL4214878,4.29,CCOC1OC(=O)C(Br)=C1Nc1ccc(-c2ccccc2)cc1,0.017764132,3.445326657,1.080235492,0,0.527085856,0.910501187,0,0,0,0
CHEMBL4102214,4.19,c1ccc(C(c2ccccc2)c2nnc(Cc3nc4ccccc4[nH]3)o2)cc1,0.549994267,-6.515598259,1.262065966,0,0,0.840050036,0,0,0,0
CHEMBL4789203,3.88,COc1ccc(-n2nnnc2Nc2ccc(Br)cc2)cc1,-0.115789138,12.98980024,0.912751678,0,0,0.903071789,0,0,0,0
CHEMBL2012336,4.3,CC(C(=O)NNC(=O)NC1CCCC1)c1cccc(Cc2ccccc2)c1,-0.354431324,15.36015046,1.031433949,0,-0.57526726,0.876571104,0,0,0,0
CHEMBL3613542,4.3,Clc1ccc(-c2nn(-c3ccccc3)cc2-c2nc3cc(Cl)c(Cl)cc3[nH]2)cc1,0.217214094,9.133094209,0.923023745,0,0,0.920507838,0,0,0,0
CHEMBL4790387,7.85,C/C=C1/COc2cc3c(cc21)-c1c(cc(OC)c(OC)c1OC)CC[C@@H]3NC(C)=O,0.245003387,-15.33125347,1.373601065,0,1.086768209,0.83126162,0,1,0,1
CHEMBL4525564,4.75,COc1cc(OC)cc(-c2nc3c(C=O)c(O)ccc3o2)c1,0.007698635,8.453447449,0.98228266,0,0,0.842885571,0,0,0,0
CHEMBL4071233,4.52,CCc1noc(-c2ccc3c(=O)c4ccccc4oc3c2)n1,-0.048223413,-18.67019801,1.114345907,0,0,0.885079179,0,0,0,0
CHEMBL4062198,4.85,CCc1noc(-c2ccc3c(c2)C(=O)C=CC3=O)n1,-0.136278268,-5.208734357,1.060565015,0,-0.354067959,0.835916947,0,0,0,0
CHEMBL4549879,3.57,CC/C=C\C/C=C\C/C=C\CCCCCCCC(=O)N1CCN(c2cc3c(cc2F)c(=O)c(C(=O)O)cn3C2CC2)CC1,0.444830089,13.84853644,1.017603273,0,-1.144977299,0.861478418,0,0,0,0
CHEMBL4081447,5.96,COc1ccc(C(=O)Nc2cc3c(s2)C(=O)c2ccccc2C3=O)cc1,-0.184054102,-11.93242379,1.050632763,0,-0.703513852,0.874599414,0,0,0,1
CHEMBL3805521,4.44,COc1cc(N/C=C\C(=O)c2cn(-c3ccccc3)nc2-c2ccccc2)cc(OC)c1OC,0.793081221,15.60860365,1.353704148,0,-0.17965199,0.861350623,0,0,0,0
CHEMBL2012335,5,CC(C(=O)NNC(=O)NC(c1ccccc1)c1ccccc1)c1cccc(Oc2ccccc2)c1,-0.456130048,-1.045146061,1.189161848,0,-0.849628612,0.863921883,0,0,0,0
CHEMBL3805804,4.71,COc1ccc(N/C=C\C(=O)c2cn(-c3ccccc3)nc2-c2ccc(F)cc2)cc1,0.029205913,-2.765193246,0.969340165,0,-0.219890926,0.919734623,0,0,0,0
CHEMBL4570623,5,COC1=CC(=O)c2c(O)c3c(c(O)c2C1=O)[C@@H]1O[C@@H](C)C[C@@H]1OC3=O,0.206296679,-3.48162252,1.237033219,0,-2.637935721,0.888786762,0,0,0,1
CHEMBL1255827,4.8,CCOc1cc(/C=C2\CN(C(=O)CCC(=O)NCCCNCCCCNCCCN)C/C(=C\c3ccc(O)c(OCC)c3)C2=O)ccc1O,-0.601321936,13.90376862,1.113830075,0,0.077348798,0.812152873,5.733667477,0,0,0
CHEMBL2012331,4.72,CC(C(=O)NNC(=O)NC1CCCCC1)c1cccc(Oc2ccccc2)c1,-0.351524206,12.83087195,1.065810288,0,-0.648826931,0.873168784,0,0,0,0
CHEMBL3613526,4.3,Fc1ccc(-c2nn(-c3ccccc3)cc2-c2nc3cc(Cl)ccc3[nH]2)cc1,0.174750049,6.017850453,0.942171717,0,0,0.920507838,0,0,0,0
CHEMBL3805856,4.35,O=C(/C=C\Nc1ccc(O)cc1)c1cn(-c2ccccc2)nc1-c1ccccc1,0.066178087,-9.516081068,1.029777167,0,-0.155266177,0.923882639,0,0,0,0
CHEMBL4452742,4.91,Cc1ccccc1-c1nc2c(C=O)c(O)ccc2o1,0.201316809,-19.77727701,0.975590674,0,0,0.892231962,0,0,0,0
CHEMBL4096737,4.52,CN/N=C/c1cc2c(s1)C(=O)c1ccccc1C2=O,0.051775631,-16.75954054,1.279411765,0,-0.176050642,0.848965248,5.101407526,0,0,1
CHEMBL4126966,4.77,Cc1cc(S(=O)(=O)/N=C(\N)N/N=C/C#Cc2ccccc2)c(SCc2ccccc2C)cc1Cl,0.333187614,-55.11769472,1.093882495,0,-0.374798157,0.889885253,15.232786,0,0,0
CHEMBL2012339,4.6,CC(C(=O)NNC(=O)NCc1ccccc1)c1cccc(Cc2ccccc2)c1,-0.442084482,6.330552037,1.04743083,0,-0.718561488,0.891443334,0,0,0,0
CHEMBL4176429,4.7,Cc1cc(S(=O)(=O)/N=C(\N)n2nccc2-c2ccccc2)c(SCc2ccccc2C(F)(F)F)cc1Cl,0.321660487,-54.39991505,1.186092273,0,-0.393682256,0.889885253,10.13137847,0,0,0
CHEMBL1255829,4.81,CCOc1cc(/C=C2\CN(C(=O)CCC(=O)NCCCNCCCN)C/C(=C\c3ccc(O)c(OCC)c3)C2=O)ccc1O,-0.58339717,12.00194459,1.144609479,0,0.052822674,0.817377925,5.733667477,0,0,0
CHEMBL3774443,4.3,CC(C)c1ccc(/C=C/C(=O)N[C@H]2[C@H](O[C@H]3CC[C@]4(C)[C@H]5CC=C6[C@@H]7CC(C)(C)CC[C@]7(C(=O)O)CC[C@@]6(C)[C@]5(C)CC[C@H]4C3(C)C)O[C@H](CO[C@@H]3OC[C@H](O)[C@H](O)[C@H]3O)[C@@H](O)[C@@H]2O)cc1,-0.927040788,-49.17124775,1.084674247,0,0.275720591,0.894305378,50.24366095,0,0,1
CHEMBL4079647,5.64,O=C(Nc1cc2c(s1)C(=O)c1ccccc1C2=O)c1ccccc1,-0.093188045,-4.073917353,1.16965812,0,-0.630852545,0.868992968,0,0,0,1
CHEMBL4870995,3.89,Cc1ccc(/N=N/N(C)C(=O)NCCSc2ccc(O)cc2)cc1,-0.17336818,-13.79550193,0.885040161,0,-0.308177963,0.899522142,10.33750304,0,0,0
CHEMBL4075892,4,c1csc(-c2nnc(Cc3nc4ccccc4[nH]3)o2)c1,0.427480303,-17.11264286,1.215277778,0,0,0.903439467,0,0,0,0
CHEMBL4785493,6.09,COC(=O)Cc1coc2cc3c(cc12)-c1c(cc(OC)c(OC)c1OC)CC[C@@H]3NC(C)=O,0.025614149,-16.46836853,1.311090948,0,-0.473975524,0.83840656,0,1,0,1
CHEMBL4128636,5.3,Cc1cc(S(=O)(=O)/N=C(\N)N/N=C/C#Cc2ccccc2)c(SCc2cccc3ccccc23)cc1Cl,0.331040185,-40.55687961,1.201801525,0,-0.37928928,0.90072349,15.232786,0,0,0
CHEMBL3805375,4.3,O=C(/C=C\Nc1ccc(F)cc1)c1cn(-c2ccccc2)nc1-c1ccc(F)cc1,0.075806955,-9.179774387,0.984661429,0,-0.272113148,0.922164552,0,0,0,0
CHEMBL3613534,4.3,Clc1ccc(-c2nn(-c3ccccc3)cc2-c2nc3ccccc3[nH]2)cc1,0.181910177,6.13340085,0.993939394,0,0,0.91237892,0,0,0,0
CHEMBL3398105,4.1,Nc1nc2c(ncn2C(=O)CCC(=O)OC[C@H]2O[C@H](O[C@H]3O[C@H](CO)[C@@H](O)[C@H](O)[C@H]3O)[C@H](O)[C@@H](O)[C@@H]2O)c(=O)[nH]1,-0.368251773,6.077361411,1.005067568,0,-1.566348592,0.879627766,0,0,0,0
CHEMBL4794828,6.87,CC/C=C1/COc2cc3c(cc21)-c1c(cc(OC)c(OC)c1OC)CC[C@@H]3NC(C)=O,0.235274485,-16.46528569,1.402982597,0,1.12373561,0.835737171,0,1,0,1
CHEMBL4079736,4.52,CCc1noc(-c2cc3c(OC)ccc(OC)c3s2)n1,-0.27820915,-7.74294352,1.17527933,0,0,0.822025018,0,0,0,0
CHEMBL3613533,4.3,O=C(OCc1ccccc1)c1ccc2[nH]c(-c3cn(-c4ccccc4)nc3-c3ccc(F)cc3)nc2c1,-0.064916732,10.88397296,0.931496738,0,-0.417406053,0.918340232,0,0,0,0
CHEMBL4785310,5.65,O=C(c1cn(Cc2ccc(I)cc2)nn1)N1CCN(S(=O)(=O)c2ccc(Cl)cc2)CC1,0.035503952,15.2297275,1.076537234,0,-0.252406471,0.860642698,0,0,0,0
CHEMBL3805747,4.3,O=C(/C=C\Nc1ccc(C(F)(F)F)cc1)c1cn(-c2ccccc2)nc1-c1ccc(Cl)cc1,0.177077905,-6.130913933,0.901039161,0,-0.318015926,0.918000767,0,0,0,0
CHEMBL4172662,3.98,Cc1cc(S(=O)(=O)/N=C(\N)n2nccc2-c2ccccc2)c(SCc2cc3c(cc2Cl)OCO3)cc1Cl,0.257314363,-28.00487638,1.125333333,0,-0.285906008,0.90051105,10.13137847,0,0,0
CHEMBL4094566,4.12,CN(/N=N/c1ccc(C(N)=O)cc1)C(=O)CCc1ccc(O)cc1,-0.099507779,-11.26907666,0.751577958,0,-0.693892174,0.90102675,16.07117052,0,0,0
CHEMBL3806070,4.3,COc1ccc(-c2nn(-c3ccccc3)cc2C(=O)/C=C\Nc2ccc(C(F)(F)F)cc2)cc1,0.125838558,-9.563090969,0.892081077,0,-0.312582541,0.910184852,0,0,0,0
CHEMBL4125990,3.84,Cc1cc(S(=O)(=O)/N=C(\N)N/N=C/C#Cc2ccccc2)c(SCc2ccccc2)cc1Cl,0.337429047,-55.47106248,1.172264482,0,-0.37558005,0.897384197,15.232786,0,0,0
CHEMBL1824865,4,COc1cc(=O)oc2c1[C@H](O[C@@H]1O[C@@H](C)[C@H](C)c3oc(=O)cc(OC)c31)O[C@@H](C)[C@@H]2C,1.993326956,-15.25288241,1.171232877,0,0,0.719661775,0,0,0,0
CHEMBL4098285,4.52,CCc1noc(-c2ccc3sc4ccccc4c(=O)c3c2)n1,0.011938155,-18.99217201,1.125601926,0,0,0.885079179,0,0,0,0
CHEMBL4173047,4.7,Cc1ccc(CSc2cc(Cl)c(C)cc2S(=O)(=O)/N=C(\N)n2nccc2-c2ccccc2)cc1,0.273990654,-28.66722725,1.083060427,0,-0.244499349,0.895535947,10.13137847,0,0,0
CHEMBL3806084,4.3,COc1cc(-c2nn(-c3ccccc3)cc2C(=O)/C=C\Nc2ccc(C(F)(F)F)cc2)cc(OC)c1OC,0.282954814,6.278403466,1.092855059,0,-0.379310621,0.861894591,0,0,0,0
CHEMBL4759457,4.52,COc1cccc(Cn2cc(C(=O)N3CCN(S(=O)(=O)c4ccccc4)CC3)nn2)c1,0.016614286,22.75496252,1.192435294,0,-0.255878422,0.857892643,0,0,0,0
CHEMBL4066802,6.34,N#Cc1cc2c(s1)C(=O)c1ccccc1C2=O,-0.070199781,-8.473943134,1.308510638,0,-0.338287037,0.829971697,0,0,0,1
CHEMBL4104457,4.52,CC(=O)/C=C/c1cc2c(s1)C(=O)c1ccccc1C2=O,-0.09831325,-8.654883578,1.142812106,0,-0.325082305,0.848968772,0,0,0,1
CHEMBL3822650,4.55,CNC1=CC(=O)C(C(C)(C)C)=CC1=O,0.011667394,12.75044873,0.929079956,0,0.724976852,0.703015626,5.414990469,0,0,0
CHEMBL3810177,4.79,O=C(CCCN=C=S)Nc1ccc2ncnc(Nc3cccc(Br)c3)c2c1,-0.041246682,-18.3202134,1.06518415,0,-0.076604636,0.910350743,4.992404733,0,0,0
CHEMBL1257317,5.52,COc1cc(/C=C2\CNC/C(=C\c3ccc(O)c(OC)c3)C2=O)ccc1O,-0.340660185,3.315468377,1.149401432,0,1.185005616,0.745726394,0,0,0,0
CHEMBL3805083,4.68,COc1ccc(-c2nn(-c3ccccc3)cc2C(=O)/C=C\Nc2ccc(Cl)cc2)cc1,0.075298641,-14.22462626,0.969340165,0,-0.1579049,0.919734623,0,0,0,0
CHEMBL3805926,4.46,COc1ccc(-c2nn(-c3ccccc3)cc2C(=O)/C=C\Nc2ccc(O)cc2)cc1,0.005896279,-13.55442235,0.952297858,0,-0.181224516,0.921401858,0,0,0,0
CHEMBL4800070,4.52,COc1cccc(Cn2cc(C(=O)N3CCN(S(=O)(=O)c4ccc(C(C)(C)C)cc4)CC3)nn2)c1,-0.01445826,-5.451552023,0.900333615,0,-0.256046007,0.807413131,0,0,0,0
CHEMBL4589636,5.98,COc1cc(C(C(=O)NC(C)(C)C)N(CCC(C)C)C(=O)/C=C/C(=O)c2ccc(F)cc2)cc(OC)c1OC,-0.226096343,-33.5443632,1.055648207,0,-1.405832065,0.805646909,5.917906046,0,0,0
CHEMBL4083697,4.51,NS(=O)(=O)c1cc(-c2nnc(/C=C/c3ccc(Br)cc3)o2)c(Cl)cc1SCc1ccccc1,0.025482819,2.184957786,0.862379689,0,0,0.910612425,5.138973738,0,0,0
CHEMBL4065301,4.26,COc1cccc(-c2nnc(Cc3nc4ccccc4[nH]3)o2)c1OC,0.495168732,11.97202158,1.368164657,0,0,0.860780865,0,0,0,0
CHEMBL3613546,4.3,COc1ccc(-c2nn(-c3ccccc3)cc2-c2nc3cc(Cl)ccc3[nH]2)cc1,0.131407258,2.567394814,0.916879489,0,0,0.910315104,0,0,0,0
CHEMBL3613538,4.3,COc1ccc2[nH]c(-c3cn(-c4ccccc4)nc3-c3ccc(Cl)cc3)nc2c1,0.230071507,9.127309317,0.925139665,0,0,0.910315104,0,0,0,0
CHEMBL4860238,4.34,Cc1ccc(/N=N/N(C)C(=O)CCc2ccc(O)cc2)cc1,-0.077299741,-14.45155033,0.737078652,0,-0.107466039,0.890888274,10.33750304,0,0,0
CHEMBL4456946,4.52,O=Cc1c(O)ccc2oc(-c3ccco3)nc12,-0.008010495,-3.870926562,1.024050885,0,0,0.908922339,0,0,0,0
CHEMBL4787581,4.52,COc1ccc(S(=O)(=O)N2CCN(C(=O)c3cn(Cc4cccc(OC)c4)nn3)CC2)cc1,-0.103247083,10.30891432,1.116561181,0,-0.270011419,0.833445337,0,0,0,0
CHEMBL1255826,4.81,COc1cc(/C=C2\CN(C(=O)CCC(=O)NCCCNCCCCNCCCN)C/C(=C\c3ccc(O)c(OC)c3)C2=O)ccc1O,-0.59420996,21.26374597,1.027648151,0,0.047277584,0.81362082,5.733667477,0,0,0
CHEMBL4850897,3.82,CC(=O)c1ccc(/N=N/N(C)C(=O)NCCSc2ccc(O)cc2)cc1,-0.170851382,-14.44868141,0.901567944,0,-0.379101282,0.900559939,10.33750304,0,0,0
CHEMBL4160289,5,Cc1cccc(CSc2cc(Cl)c(C)cc2S(=O)(=O)/N=C(\N)n2nccc2-c2ccccc2)c1,0.281810394,-29.8555494,1.180050913,0,-0.244360843,0.895535947,10.13137847,0,0,0
CHEMBL4452177,5.26,Cc1ccc(C(=O)/C=C/C(=O)N(C2CC2)C(C(=O)NCc2ccccc2)c2ncc(C)cn2)cc1,-0.428702325,-14.25196041,1.103007788,0,-1.05650278,0.909151706,0,0,0,0
CHEMBL4100731,4.52,CCc1noc(-c2cc(C(C)=O)cs2)n1,-0.048839017,-2.761498305,0.932642487,0,0.048824352,0.844428627,0,0,0,0
CHEMBL4847030,4.22,CN/N=N/c1ccc(Br)cc1,-0.016056077,-5.26747263,1.088016967,0,0,0.883743898,10.33750304,0,0,0
CHEMBL4760497,3.91,COc1ccc(Nc2nnnn2-c2ccccc2F)cc1,-0.202121684,10.04725457,1.006711409,0,0,0.903071789,0,0,0,0
CHEMBL4760695,3.81,COc1ccc(-n2nnnc2Nc2ccc(F)cc2)cc1,-0.157096426,33.61912718,0.912751678,0,0,0.903071789,0,0,0,0
CHEMBL3613521,4.3,Cc1cc2nc(-c3cn(-c4ccccc4)nc3-c3ccccc3)[nH]c2cc1C,0.231710997,13.24319376,0.980943739,0,0,0.870029254,0,0,0,0
CHEMBL3613549,4.3,COc1ccc(-c2nn(-c3ccccc3)cc2-c2nc3cc(C(F)(F)F)ccc3[nH]2)cc1,-0.013689521,8.087434837,0.86750306,0,0,0.900083318,0,0,0,0
CHEMBL4167345,4.1,Cc1ccc(-n2nnnc2NCc2ccco2)cc1Cl,-0.226575138,-3.820054453,0.861111111,0,0,0.893861555,0,0,0,0
CHEMBL4542630,4.19,C/C=C/C(=O)N1CCN(c2cc3c(cc2F)c(=O)c(C(=O)O)cn3C2CC2)CC1,0.453316337,13.10793122,1.072029148,0,-1.367955539,0.857983807,0,0,0,0
CHEMBL4459518,5.08,CN(CCOC(=O)/C=C/C(=O)c1ccc(F)cc1)C(C(=O)NC(C)(C)C)c1ccc(F)cc1,-0.178010403,-57.22317527,0.980668285,0,-1.455226649,0.844221749,0,0,0,0
CHEMBL4090554,5.19,CCc1noc(C=C2c3ccccc3C(=O)c3ccccc32)n1,0.045124677,4.892974831,1.337108954,0,0.981693857,0.775753322,0,0,0,1
CHEMBL4212222,4.16,COC1OC(=O)C(Br)=C1Nc1ccc(-c2ccc(N)cc2)cc1,-0.064937956,-9.867964301,0.910725853,0,0.446796521,0.879553368,0,0,0,0
CHEMBL3810326,4.78,O=C(CCCCCN=C=S)Nc1ccc2ncnc(Nc3cccc(Br)c3)c2c1,0.064360158,5.953902927,1.003294893,0,-0.012933607,0.908708402,4.992404733,0,0,0
CHEMBL3633645,6.25,COc1ccc(C(NC(=O)CC2c3cccc(O)c3C(=O)c3c(O)cccc32)c2ccc(OC)cc2)cc1,0.271851453,-0.860661686,1.164672279,0,-0.720582232,0.791413827,0,0,0,1
CHEMBL3613529,4.3,Cc1ccc2[nH]c(-c3cn(-c4ccccc4)nc3-c3ccc(F)cc3)nc2c1,0.19759798,9.873958906,0.943627451,0,0,0.908182006,0,0,0,0
CHEMBL4776448,5.36,COc1cc2c(c(OC)c1OC)-c1cc3c(cc1[C@@H](NC(C)=O)CC2)OC/C3=C\c1ccccc1,0.210451428,-5.248317211,1.34631866,0,1.037434329,0.854437106,0,1,0,1
CHEMBL4127231,3.47,C/C(C#Cc1ccccc1)=N\N/C(N)=N/S(=O)(=O)c1cc(C)c(Cl)cc1SCc1ccccc1Cl,0.267909843,-58.53923835,1.115103605,0,0.016889603,0.895535947,15.232786,0,0,0
CHEMBL4100139,3.8,NS(=O)(=O)c1cc(-c2nnc(/C=C/c3c(Cl)cccc3Cl)o2)c(Cl)cc1SCc1ccccc1,0.079858978,0.894339679,0.885860766,0,0,0.910612425,5.138973738,0,0,0
CHEMBL4090323,4.51,Fc1ccc(-c2nnc(Cc3nc4ccccc4[nH]3)o2)cc1,0.38085213,-10.17090831,1.079478661,0,0,0.907487504,0,0,0,0
CHEMBL4749944,5.35,COc1cc2c(c(OC)c1OC)-c1cc3c(cc1[C@@H](NC(C)=O)CC2)OC/C3=C(\C)CCC=C(C)C,0.283289019,-23.73765852,1.232097178,0,3.836518076,0.825647057,0,1,0,1
CHEMBL3613524,4.3,Fc1ccc(-c2nn(-c3ccccc3)cc2-c2nc3ccccc3[nH]2)cc1,0.17351538,4.4783856,0.993939394,0,0,0.91237892,0,0,0,0
CHEMBL4061113,4.52,CCc1noc(-c2cc3c(OC)c4ccccc4cc3s2)n1,-0.024053879,-24.44183194,1.266385135,0,0,0.863187826,0,0,0,0
CHEMBL4761812,5.36,CC(C)(C)c1ccc(S(=O)(=O)N2CCN(C(=O)c3cn(Cc4cccc(Oc5ccccc5)c4)nn3)CC2)cc1,-0.013756042,-30.47867023,0.938611306,0,-0.264824332,0.826349379,0,0,0,0
CHEMBL4516379,3.85,CCCCCCCC/C=C/CCCCCCCC(=O)N1CCN(c2cc3c(cc2F)c(=O)c(C(=O)O)cn3C2CC2)CC1,0.446859372,14.44540219,0.97110837,0,-1.131132398,0.825443069,0,0,0,0
CHEMBL3613530,4.3,Fc1ccc(-c2nn(-c3ccccc3)cc2-c2nc3cc(C(F)(F)F)ccc3[nH]2)cc1,0.029653276,9.401261689,0.884866767,0,0,0.908182006,0,0,0,0
CHEMBL4175391,4.74,Cc1cc(S(=O)(=O)/N=C(\N)n2nccc2-c2ccccc2)c(SCc2ccccc2C)cc1Cl,0.277401585,-31.43041548,1.104613868,0,-0.244157462,0.889885253,10.13137847,0,0,0
CHEMBL3823611,4.68,CC(C)(C)C1=CC(=O)C=C(NCc2ccccc2)C1=O,0.013697782,6.704184105,0.976601852,0,0.712923648,0.78865942,5.414990469,0,0,0
CHEMBL4173187,5.02,COc1cc(/C=C\c2cccc(OC)c2SC)cc(OC)c1OC,0.335451654,28.38476927,1.660398696,0,0,0.779335343,0,0,0,0
CHEMBL4867517,4.12,CN(/N=N/c1ccc(Cl)cc1)C(=O)CCc1ccc(O)cc1,-0.104494265,-16.28609366,0.760822511,0,-0.133529139,0.903313615,10.33750304,0,0,0
CHEMBL4128210,5.05,Cc1cccc(CSc2cc(Cl)c(C)cc2S(=O)(=O)/N=C(\N)N/N=C/C#Cc2ccccc2)c1,0.337596437,-53.54282864,1.182919443,0,-0.375001537,0.895535947,15.232786,0,0,0
CHEMBL4061912,4,c1coc(-c2nnc(Cc3nc4ccccc4[nH]3)o2)c1,0.354985547,-5.401610914,1.215277778,0,0,0.903439467,0,0,0,0
CHEMBL1556,3.6,O=c1[nH]cnc2c1ncn2[C@@H]1O[C@H](CO)[C@@H](O)[C@H]1O,-0.101127849,-5.728071415,1.021176471,0,0,0.938616749,0,0,0,0
CHEMBL4105543,4.52,CCc1nc(-c2ccc3c(c2)C(=O)c2ccccc2C3=O)no1,-0.016411476,-14.62993817,1.182157395,0,-0.291324903,0.82246373,0,0,0,1
CHEMBL4761915,8.52,C=C1COc2cc3c(cc21)-c1c(cc(OC)c(OC)c1OC)CC[C@@H]3NC(=O)CO,0.003883145,-22.15599073,1.322208524,4.104473321,0.471150925,0.840584917,0,1,0,1
CHEMBL4171002,4.7,COc1cc(-c2ncn(C)c2-c2cc(Br)c(SC)c(OC)c2)cc(OC)c1OC,0.058911238,27.43087991,1.465999839,0,0,0.787723506,7.047671983,0,0,0
CHEMBL3805690,4.63,O=C(/C=C\Nc1ccc(Cl)cc1)c1cn(-c2ccccc2)nc1-c1ccc(Cl)cc1,0.126537989,-10.09198201,0.984661429,0,-0.163338285,0.922164552,0,0,0,0
CHEMBL4165938,5.89,COc1ccc(-c2ocnc2-c2cc(OC)c(OC)c(OC)c2)cc1S,-0.041316984,17.15030282,1.33090379,0,0,0.784566836,0,0,0,0
CHEMBL4092671,5.43,Cc1nnc(-c2cc3c(s2)C(=O)c2ccccc2C3=O)s1,-0.028663594,-5.106324168,1.203125,0,-0.179051398,0.837532291,0,0,0,1
CHEMBL3822555,4.64,CC(C)(C)C1=CC(=O)C=C(NCCc2ccccc2)C1=O,0.080112859,10.03435341,1.030817377,0,0.775430577,0.798141895,5.414990469,0,0,0
CHEMBL3805449,4.3,O=C(/C=C\Nc1ccc(F)cc1)c1cn(-c2ccccc2)nc1-c1ccc(Cl)cc1,0.083854652,-8.674855278,0.984661429,0,-0.211349259,0.929283708,0,0,0,0
CHEMBL3613536,4.3,Clc1ccc(-c2nn(-c3ccccc3)cc2-c2nc3cc(Cl)ccc3[nH]2)cc1,0.183144834,7.631442881,0.942171717,0,0,0.920507838,0,0,0,0
CHEMBL4742981,3.99,COc1ccc(Nc2nnnn2-c2ccc(Cl)cc2)cc1,-0.114540556,17.55279179,0.912751678,0,0,0.903071789,0,0,0,0
CHEMBL60786,5.74,O=C1c2ccccc2C(=O)c2sc([N+](=O)[O-])cc21,-0.307562597,-8.573959826,1.21462084,0,-0.650138889,0.845035556,0,0,0,1
CHEMBL3613518,4.3,Cc1ccc2[nH]c(-c3cn(-c4ccccc4)nc3-c3ccccc3)nc2c1,0.215406567,11.37402283,1.004056795,0,0,0.90068809,0,0,0,0
CHEMBL4094647,4.26,Nc1ccc(O)c(-c2nnc(Cc3nc4ccccc4[nH]3)o2)c1,0.53666826,-11.93786337,1.102812464,0,0,0.905791917,0,0,0,0
CHEMBL3823736,4.55,CC(C)(C)C1=CC(=O)C(NCc2ccccc2)=CC1=O,-0.030737197,14.42268302,0.876266046,0,0.706233308,0.78865942,5.414990469,0,0,0
CHEMBL1075971,5.43,COC(=O)[C@@]12Oc3ccc(-c4ccc5c(c4O)C(O)C4=C(O)C[C@H](C)[C@@H](O)[C@]4(C(=O)OC)O5)c(O)c3C(=O)C1=C(O)C[C@H](C)[C@H]2O,1.181774014,-20.66313988,1.330855689,0,-5.262444707,0.870875143,11.83581209,0,0,2
CHEMBL4103370,5.02,Clc1ccc(-c2nnc(Cc3nc4ccccc4[nH]3)o2)cc1,0.395573037,-11.09493677,1.079478661,0,0,0.907487504,0,0,0,0
CHEMBL3613537,4.3,Clc1ccc(-c2nn(-c3ccccc3)cc2-c2nc3cc(Br)ccc3[nH]2)cc1,0.182721222,10.38087383,0.942171717,0,0,0.920507838,0,0,0,0
CHEMBL4105390,5.48,CC(C)C(=O)Nc1cc2c(s1)C(=O)c1ccccc1C2=O,-0.188384699,-10.65268833,0.928039702,0,-0.455786197,0.80521182,5.917906046,0,0,1
CHEMBL4164739,4.72,Cc1cc(S(=O)(=O)/N=C(\N)n2nccc2-c2ccccc2)c(SCc2ccc(C(F)(F)F)cc2)cc1Cl,0.310904261,-28.48191102,1.03723049,0,-0.351717051,0.895535947,10.13137847,0,0,0
CHEMBL4465959,3.82,COc1ccc(/C=C2\NC(=O)N(CCCCN3CCN(c4ccccc4OC)CC3)C2=O)cc1OC1CCCC1,-0.138537044,2.406862389,1.122356065,0,-0.364295598,0.849200343,0,0,0,0
CHEMBL3613525,4.3,Fc1ccc(-c2nn(-c3ccccc3)cc2-c2nc3cc(F)ccc3[nH]2)cc1,0.177071567,-4.777479303,0.942171717,0,0,0.920507838,0,0,0,0
CHEMBL4163086,4.7,COc1cc(-c2c(-c3cc(Br)c(OC)c(OC)c3)ncn2C)ccc1SC,-0.159595898,29.83913055,1.391879469,0,0,0.818111437,7.047671983,0,0,0
CHEMBL3220083,3.68,Nc1nc2c(nc(C(F)(F)F)n2[C@H]2C[C@H](O)[C@@H](CO)O2)c(=O)[nH]1,0.382337982,-6.98040425,1.106770833,0,0,0.900038023,0,0,0,0
CHEMBL4067556,4,N#CCc1nnc(Cc2nc3ccccc3[nH]2)o1,0.533235035,0.670370021,1.319548872,0,0,0.88430379,0,0,0,0
CHEMBL4092099,4.12,CN(/N=N/c1ccc(C(N)=O)cc1)C(=O)CCCCc1ccc(O)cc1,-0.058591798,-5.740860237,0.821458915,0,-0.623795562,0.900919449,16.07117052,0,0,0
CHEMBL4791836,3.99,COc1ccc(Nc2nnnn2-c2ccc(F)cc2)cc1,-0.145641928,41.47179138,0.912751678,0,0,0.903071789,0,0,0,0
CHEMBL3613520,4.43,FC(F)(F)c1ccc2[nH]c(-c3cn(-c4ccccc4)nc3-c3ccccc3)nc2c1,0.04746186,11.52968929,0.93020715,0,0,0.90068809,0,0,0,0
CHEMBL4171157,4.92,Cc1cc(S(=O)(=O)/N=C(\N)n2nccc2-c2ccccc2)c(SCc2ccc(Cl)cc2)cc1Cl,0.272666839,-31.26405456,1.136639511,0,-0.259159843,0.903406727,10.13137847,0,0,0
CHEMBL4161446,6.49,COc1ccc(-c2ocnc2-c2cc(OC)c(SC)c(OC)c2)cc1O,-0.107306009,17.08642243,1.33090379,0,0,0.821987243,0,0,0,0
CHEMBL4798577,8.52,C/C=C/C=C/C(=O)NCC(=O)N[C@H]1CCc2cc(OC)c(OC)c(OC)c2-c2ccc(C(=O)OC)cc21,-0.176855871,-13.80067614,1.424205389,0,-1.226004268,0.860437575,0,1,0,1
CHEMBL4159415,4.7,Cc1cc(S(=O)(=O)/N=C(\N)n2nccc2-c2ccccc2)c(SCc2ccccc2Cl)cc1Cl,0.290615866,-29.85151405,1.142468432,0,-0.265268573,0.903406727,10.13137847,0,0,0
CHEMBL4168564,4.52,Cc1ccc(CSc2cc(Cl)c(C)cc2S(=O)(=O)/N=C(\N)n2nc(C)cc2-c2ccccc2)cc1,0.238364665,-34.03373404,1.138869236,0,-0.236999349,0.888676546,10.13137847,0,0,0
CHEMBL4078834,4.52,CCc1noc(-c2ccccc2)n1,-0.010637932,-8.523428223,1.192646135,0,0,0.870705587,0,0,0,0
CHEMBL4207871,4.3,CCOC1OC(=O)C(Cl)=C1Nc1ccc(-c2ccccc2)cc1,0.019120943,7.496238742,1.080235492,0,-0.115661057,0.910501187,0,0,0,0
CHEMBL3613514,4.3,c1ccc(-c2nn(-c3ccccc3)cc2-c2nc3ccccc3[nH]2)cc1,0.191323972,5.945563753,1.064088983,0,0,0.904250002,0,0,0,0
CHEMBL470649,5,COC(=O)c1c(C)cc(O)c(C=O)c1O,1.19687917,8.19413435,1.380952381,0,-0.756388889,0.868873089,0,0,0,0
CHEMBL4174645,4.78,COc1cc(-c2ncoc2-c2cc(Br)c(SC)c(OC)c2)cc(OC)c1OC,0.024184307,31.67606147,1.429452341,0,0,0.783488667,0,0,0,0
CHEMBL4435217,4.97,O=Cc1c(O)ccc2oc(-c3cccc4ccccc34)nc12,0.155556682,-4.86030678,1.046771322,0,0,0.902277932,0,0,0,0
CHEMBL2012325,4.28,CC(C)Cc1ccc(C(C)C(=O)NNC(=O)NC2CCCCC2)cc1,-0.343396269,6.814538599,0.970250265,0,-0.546171231,0.836586497,5.917906046,0,0,0
CHEMBL3805111,4.59,COc1cc(-c2nn(-c3ccccc3)cc2C(=O)/C=C\Nc2ccc(F)cc2)cc(OC)c1OC,0.189731561,9.240962969,1.205186488,0,-0.272643954,0.866792796,0,0,0,0
CHEMBL2012333,4.34,CC(C(=O)NNC(=O)NCc1ccccc1)c1cccc(Oc2ccccc2)c1,-0.449115842,1.4168305,1.062959664,0,-0.798808402,0.912201833,0,0,0,0
CHEMBL3613528,4.3,COc1ccc2[nH]c(-c3cn(-c4ccccc4)nc3-c3ccc(F)cc3)nc2c1,0.221676741,7.095368792,0.925139665,0,0,0.910315104,0,0,0,0
CHEMBL2437053,4.54,CCC(CC)(c1ccc(OCC(=O)C(C)(C)C)c(C)c1)c1ccc(C(=O)NCCC(=O)OC)n1C,0.163830868,0.109798163,1.035649161,0,-0.536789827,0.805347474,12.46266245,0,0,0
CHEMBL4740897,7.1,C=CC(=O)NCC(=O)N[C@H]1CCc2cc(OC)c(OC)c(OC)c2-c2ccc(C(=O)OC)cc21,-0.25042829,-15.37577913,1.402876016,3.378274983,-1.307130846,0.851656596,0,1,0,1
CHEMBL4071894,6.52,O=C1c2ccccc2C(=O)c2sc(-c3nncs3)cc21,-0.021927128,-6.616540647,1.231971154,0,-0.182240174,0.851702024,0,0,0,1
CHEMBL3805309,4.3,COc1ccc(N/C=C\C(=O)c2cn(-c3ccccc3)nc2-c2ccc(OC)cc2)cc1,-0.013985739,-6.226532501,0.96109593,0,-0.153693652,0.882416208,0,0,0,0
CHEMBL4103794,5.92,O=Cc1cc2c(s1)C(=O)c1ccccc1C2=O,-0.025241506,-9.647913712,1.330956278,0,-0.353842593,0.845035556,0,0,0,1
CHEMBL3633636,6.45,CCOC(=O)CC1c2cccc(O)c2C(=O)c2c(O)cccc21,0.475740794,-2.888625338,1.340206186,0,-0.831718921,0.800898975,0,0,0,1
CHEMBL1824862,4,COc1cc(=O)oc2c1[C@H](O)O[C@@H](C)[C@H]2C,1.027273354,-0.837048669,1.331926514,0,0,0.87104358,0,0,0,0
CHEMBL4094471,4.6,Clc1ccccc1-c1nnc(Cc2nc3ccccc3[nH]2)o1,0.491726153,-11.15997139,1.133452594,0,0,0.907487504,0,0,0,0
CHEMBL4591601,3.53,COc1ccc(/C=C2\NC(=O)N(CCCCN3CCN(c4cccc(Cl)c4Cl)CC3)C2=O)cc1OC,0.033899032,24.85504721,1.087632275,0,-0.455037644,0.851950581,0,0,0,0
CHEMBL4059857,5.14,CCc1noc(-c2cc3c(s2)Cc2ccccc2C3=O)n1,-0.004862182,-21.72781216,1.104099379,0,0.087574352,0.875383159,0,0,0,1
CHEMBL4065247,6.24,CCc1nc(-c2cc3c(s2)C(=O)c2ccccc2C3=O)no1,-0.036457457,-25.09751134,1.148982558,0,-0.256879829,0.84283678,0,0,0,1
CHEMBL4083305,4,c1cncc(-c2nnc(Cc3nc4ccccc4[nH]3)o2)c1,0.515916389,-8.550866872,1.171483622,0,0,0.904398176,0,0,0,0
CHEMBL3805065,4.68,COc1cc(N/C=C\C(=O)c2cn(-c3ccccc3)nc2-c2cc(OC)c(OC)c(OC)c2)cc(OC)c1OC,0.889915673,29.19133763,1.408481749,0,-0.272338409,0.772924205,0,0,0,0
CHEMBL4578835,4.52,CC(=O)c1c(O)ccc2oc(-c3ccccc3)nc12,0.211551892,-11.96444661,1.222891566,0,-0.239804002,0.892231962,0,0,0,0
CHEMBL464443,4.54,O=C1C=CC[C@H](/C=C/c2ccccc2)O1,-0.047625874,-1.637848466,1.03689759,0,-0.260220669,0.920068328,0,0,0,0
CHEMBL4081774,4.52,CCc1noc(-c2cc3oc4ccccc4c(=O)c3s2)n1,-0.139688442,-26.69113595,1.107528756,0,0,0.8783416,0,0,0,0